rs,GWAStag,Missense,eSNP,5-SNP,8-SNP,11-SNP,13-SNP,16-SNP,23-SNP,VariantID_Ydb,VariantName_Ydb,AnnotatedName,GWAS/Protein,CHR,BP_MayoGWAS_36/hg18,BP_Ydb,BP_38/hg38,37/hg19
rs3752246,999,1,999,1,1,9,1,1,1,1992,ABCA7_rs3752246_CG,rs3752246p.001,p.(G1527A),19,NA,1056492,1056492,1056492
rs3764645,999,2,999,4,4,1,4,4,4,1966,ABCA7_rs3764645_GA,rs3764645p.043a,p.(E188G),19,NA,1042809,1042809,1042809
rs3764647,999,3,999,5,5,4,5,5,5,1943,02_ABCA7_rs3764647_AG,rs3764647p.048b,p.(H395R),19,NA,1044712,1044712,
rs72973581,999,4,999,999,6,2,6,6,6,1921,03_ABCA7_rs72973581_GA,rs72973581p.37,p.(G215S),19,NA,1043103,1043103,
rs4147934,1,5,999,999,7,11,7,7,7,1985,ABCA7_rs4147934_TG,rs4147934p.67,p.(A2045S),19,NA,1042809,1065018,1065018
rs881768,999,6,999,999,8,8,8,8,8,1960,ABCA7_rs881768_GA,rs881768p.73,p.(R1413=),19,NA,1056065,1056065,
rs3752232,999,7,999,999,999,3,9,9,9,2020,ABCA7_rs3752232_AG,rs3752232m.045,p.(T319A),19,994748,1043748,1043748,
rs4147918,999,8,999,999,999,10,10,10,10,1928,05_ABCA7_rs4147918_AG,rs4147918m.044,p.(Q1686R),19,1009176,1058176,1058176,
rs3752239,999,9,999,999,999,6,11,11,11,1900,ABCA7_rs3752239_AC,rs3752239m.043,p.(N718T),19,NA,1047537,1047537,
rs3752233,999,10,999,999,999,5,12,12,12,1899,ABCA7_rs3752233_GA,rs3752233m.042,p.(R463H),19,NA,1045173,1045173,
rs3745842,999,11,999,999,999,7,13,13,13,1994,ABCA7_rs3745842_AG,rs3745842m.43,p.(R1349Q),19,NA,1055191,1055191,
